JD_TDB,x_au,y_au,z_au,vx_au_d,vy_au_d,vz_au_d,ax_au_d2,ay_au_d2,az_au_d2,r_au
2460739.5,41.65012816673567,6.703590369199314,17.51765483006153,0.01421403410225652,0.002120950192255353,0.006219784731237138,0.0,0.0,0.0,45.67865509062967
2460740.5,41.66434213605404,6.705711302940077,17.52387458754365,0.01421390456504866,0.002120917299447639,0.00621973023804341,0.0,0.0,0.0,45.694312012202396
2460741.5,41.67855597592661,6.70783220382005,17.53009429054784,0.01421377521032147,0.002120884472152698,0.006219675775502764,0.0,0.0,0.0,45.70996879181336
2460742.5,41.69276968653463,6.709953071909127,17.53631393910515,0.01421364603539761,0.002120851719072502,0.006219621344429048,0.0,0.0,0.0,45.72562542964828
2460743.5,41.70698326805596,6.71207390728563,17.54253353324749,0.0142135170361232,0.002120819048268948,0.006219566945721388,0.0,0.0,0.0,45.74128192589137
2460744.5,41.72119672066364,6.714194710035477,17.54875307300768,0.01421338820710292,0.002120786466863556,0.006219512580318149,0.0,0.0,0.0,45.756938280723936
2460745.5,41.73541004452482,6.716315480251162,17.55497255841954,0.01421325954199563,0.002120753980830736,0.006219458249152984,0.0,0.0,0.0,45.772594494323215
2460746.5,41.74962323979996,6.718436218030519,17.5611919895177,0.01421313103383387,0.002120721594891579,0.006219403953116915,0.0,0.0,0.0,45.78825056686147
2460747.5,41.76383630664237,6.720556923475476,17.56741136633775,0.01421300267533411,0.002120689312501695,0.006219349693028929,0.0,0.0,0.0,45.803906498505405
2460748.5,41.77804924519805,6.722677596690803,17.57363068891599,0.01421287445917234,0.002120657135916202,0.00621929546961607,0.0,0.0,0.0,45.81956228941577
2460749.5,41.79226205560578,6.724798237782978,17.57984995728942,0.01421274637820895,0.00212062506631036,0.006219241283502722,0.0,0.0,0.0,45.83521793974721
2460750.5,41.80647473799728,6.726918846859175,17.5860691714956,0.01421261842565671,0.002120593103933373,0.006219187135207823,0.0,0.0,0.0,45.85087344964828
2460751.5,41.82068729249778,6.729039424026422,17.59228833157258,0.01421249059519326,0.002120561248275551,0.006219133025148248,0.0,0.0,0.0,45.86652881926179
2460752.5,41.83489971922642,6.731159969390936,17.59850743755875,0.01421236288102385,0.002120529498233049,0.006219078953646569,0.0,0.0,0.0,45.88218404872497
2460753.5,41.84911201829684,6.733280483057585,17.60472648949281,0.01421223527790426,0.002120497852260107,0.006219024920941426,0.0,0.0,0.0,45.89783913817001
2460754.5,41.86332418981767,6.735400965129531,17.61094548741363,0.01421210778113309,0.002120466308501691,0.006218970927199125,0.0,0.0,0.0,45.91349408772432
2460755.5,41.87753623389315,6.737521415707978,17.61716443136023,0.01421198038652281,0.002120434864904691,0.0062189169725254,0.0,0.0,0.0,45.92914889751106
2460756.5,41.89174815062353,6.739641834892006,17.62338332137172,0.01421185309035776,0.002120403519306983,0.006218863056976591,0.0,0.0,0.0,45.944803567649515
2460757.5,41.90595994010557,6.741762222778522,17.62960215748723,0.014211725889345,0.002120372269506323,0.006218809180569805,0.0,0.0,0.0,45.960458098255444
2460758.5,41.92017160243296,6.743882579462222,17.6358209397459,0.01421159878056294,0.002120341113311403,0.00621875534329183,0.0,0.0,0.0,45.97611248944152
2460759.5,41.93438313769656,6.746002905035632,17.64203966818684,0.01421147176141095,0.002120310048577969,0.006218701545106738,0.0,0.0,0.0,45.99176674131748
2460760.5,41.94859454598487,6.748123199589173,17.64825834284913,0.01421134482956197,0.002120279073232817,0.006218647785962207,0.0,0.0,0.0,46.007420853990595
2460761.5,41.96280582738409,6.75024346321123,17.65447696377176,0.01421121798291942,0.002120248185288294,0.006218594065794679,0.0,0.0,0.0,46.02307482756572
2460762.5,41.97701698197848,6.75236369598825,17.66069553099369,0.01421109121957894,0.002120217382849536,0.006218540384533493,0.0,0.0,0.0,46.038728662145644
2460763.5,41.99122800985044,6.754483898004829,17.66691404455377,0.0142109645377949,0.002120186664116372,0.006218486742104105,0.0,0.0,0.0,46.05438235783111
2460764.5,42.00543891108071,6.756604069343815,17.67313250449082,0.01421083793595182,0.00212015602738139,0.006218433138430583,0.0,0.0,0.0,46.07003591472115
2460765.5,42.01964968574848,6.758724210086384,17.67935091084353,0.01421071141253995,0.002120125471025398,0.006218379573437478,0.0,0.0,0.0,46.085689332913034
2460766.5,42.03386033393146,6.760844320312144,17.68556926365056,0.01421058496613501,0.002120094993511167,0.006218326047051182,0.0,0.0,0.0,46.10134261250246
2460767.5,42.04807085570597,6.762964400099198,17.69178756295047,0.01421045859538113,0.002120064593376213,0.006218272559200904,0.0,0.0,0.0,46.1169957535836
2460768.5,42.06228125114701,6.765084449524224,17.69800580878178,0.01421033229897697,0.002120034269225117,0.00621821910981932,0.0,0.0,0.0,46.13264875624921
2460769.5,42.07649152032828,6.767204468662531,17.70422400118292,0.01421020607566414,0.002120004019721562,0.006218165698842992,0.0,0.0,0.0,46.1483016205906
2460770.5,42.0907016633223,6.769324457588122,17.71044214019225,0.01421007992421822,0.002119973843580817,0.006218112326212561,0.0,0.0,0.0,46.16395434669782
2460771.5,42.10491168020029,6.771444416373735,17.71666022584811,0.01420995384344112,0.002119943739562226,0.006218058991872842,0.0,0.0,0.0,46.179606934659525
2460772.5,42.11912157103234,6.773564345090886,17.72287825818875,0.01420982783215507,0.002119913706462292,0.006218005695772798,0.0,0.0,0.0,46.19525938456312
2460773.5,42.13333133588736,6.775684243809907,17.72909623725239,0.01420970188919782,0.002119883743107918,0.006217952437865415,0.0,0.0,0.0,46.21091169649479
2460774.5,42.14754097483313,6.777804112599967,17.73531416307719,0.01420957601341914,0.002119853848350719,0.006217899218107554,0.0,0.0,0.0,46.22656387053942
2460775.5,42.16175048793622,6.779923951529097,17.7415320357013,0.01420945020367775,0.00211982402106123,0.006217846036459742,0.0,0.0,0.0,46.242215906780714
2460776.5,42.17595987526212,6.782043760664205,17.7477498551628,0.01420932445883892,0.002119794260123737,0.006217792892885953,0.0,0.0,0.0,46.257867805301146
2460777.5,42.19016913687516,6.784163540071095,17.75396762149975,0.01420919877777281,0.002119764564431675,0.006217739787353373,0.0,0.0,0.0,46.27351956618196
2460778.5,42.20437827283855,6.786283289814451,17.76018533475018,0.01420907315935314,0.002119734932883179,0.006217686719832128,0.0,0.0,0.0,46.289171189503236
2460779.5,42.21858728321437,6.788403009957872,17.76640299495208,0.01420894760245612,0.002119705364377325,0.006217633690295067,0.0,0.0,0.0,46.30482267534385
2460780.5,42.23279616806359,6.790522700563854,17.77262060214342,0.01420882210595957,0.002119675857810175,0.006217580698717486,0.0,0.0,0.0,46.32047402378145
2460781.5,42.24700492744604,6.79264236169377,17.77883815636216,0.01420869666874233,0.00211964641207143,0.006217527745076886,0.0,0.0,0.0,46.33612523489255
2460782.5,42.26121356142047,6.794761993407897,17.78505565764621,0.01420857128968382,0.002119617026041112,0.006217474829352718,0.0,0.0,0.0,46.351776308752434
2460783.5,42.27542207004443,6.796881595765377,17.79127310603349,0.01420844596766348,0.002119587698586491,0.00621742195152615,0.0,0.0,0.0,46.367427245435174
2460784.5,42.28963045337443,6.799001168824213,17.79749050156189,0.01420832070156054,0.002119558428558935,0.006217369111579808,0.0,0.0,0.0,46.383078045013704
2460785.5,42.30383871146582,6.801120712641249,17.80370784426928,0.01420819549025359,0.002119529214790904,0.006217316309497526,0.0,0.0,0.0,46.398728707559734
2460786.5,42.31804684437283,6.803240227272152,17.80992513419351,0.0142080703326204,0.00211950005609289,0.006217263545264089,0.0,0.0,0.0,46.41437923314374
2460787.5,42.33225485214858,6.80535971277139,17.81614237137242,0.0142079452275375,0.002119470951250278,0.006217210818864977,0.0,0.0,0.0,46.430029621835054
2460788.5,42.34646273484504,6.807479169192191,17.82235955584385,0.01420782017388003,0.00211944189902004,0.006217158130286066,0.0,0.0,0.0,46.44567987370175
2460789.5,42.3606704925131,6.80959859658654,17.82857668764559,0.01420769517052148,0.002119412898127233,0.00621710547951334,0.0,0.0,0.0,46.46132998881073
2460790.5,42.37487812520248,6.811717995005121,17.83479376681547,0.01420757021633352,0.002119383947261242,0.00621705286653255,0.0,0.0,0.0,46.47697996722765
2460791.5,42.38908563296179,6.813837364497289,17.84101079339125,0.01420744531018593,0.002119355045071663,0.006217000291328846,0.0,0.0,0.0,46.49262980901693
2460792.5,42.40329301583849,6.815956705111026,17.84722776741071,0.01420732045094668,0.00211932619016378,0.006216947753886363,0.0,0.0,0.0,46.50827951424178
2460793.5,42.41750027387894,6.818076016892896,17.8534446889116,0.01420719563748217,0.002119297381093539,0.006216895254187734,0.0,0.0,0.0,46.52392908296414
2460794.5,42.43170740712833,6.820195299887993,17.85966155793166,0.01420707086865783,0.002119268616361967,0.006216842792213555,0.0,0.0,0.0,46.53957851524469
2460795.5,42.44591441563075,6.822314554139879,17.8658783745086,0.014206946143339,0.002119239894408902,0.006216790367941721,0.0,0.0,0.0,46.5552278111429
2460796.5,42.46012129942914,6.824433779690528,17.8720951386801,0.01420682146039243,0.002119211213605995,0.006216737981346688,0.0,0.0,0.0,46.5708769707169
2460797.5,42.47432805856529,6.826552976580241,17.87831185048384,0.01420669681868843,0.002119182572248873,0.006216685632398586,0.0,0.0,0.0,46.586525994023575
2460798.5,42.48853469307988,6.828672144847578,17.88452850995744,0.01420657221710388,0.002119153968548371,0.006216633321062173,0.0,0.0,0.0,46.60217488111848
2460799.5,42.50274120301249,6.830791284529262,17.89074511713849,0.0142064476545265,0.002119125400620892,0.006216581047295613,0.0,0.0,0.0,46.61782363205592
2460800.5,42.51694758840157,6.832910395660082,17.89696167206453,0.01420632312986037,0.002119096866477551,0.006216528811049026,0.0,0.0,0.0,46.63347224688885
2460801.5,42.53115384928449,6.835029478272779,17.90317817477307,0.01420619864203358,0.00211906836401256,0.006216476612262795,0.0,0.0,0.0,46.64912072566894
2460802.5,42.54535998569757,6.837148532397925,17.90939462530152,0.01420607419000801,0.002119039890990457,0.006216424450865573,0.0,0.0,0.0,46.66476906844655
2460803.5,42.5595659976761,6.839267558063783,17.91561102368723,0.01420594977279196,0.0021190114450327,0.006216372326771974,0.0,0.0,0.0,46.68041727527074
2460804.5,42.57377188525444,6.841386555296167,17.92182736996747,0.01420582538945637,0.002118983023603473,0.006216320239879869,0.0,0.0,0.0,46.69606534618932
2460805.5,42.58797764846602,6.843505524118266,17.92804366417936,0.01420570103915516,0.002118954623995601,0.006216268190067332,0.0,0.0,0.0,46.711713281248855
2460806.5,42.60218328734352,6.845624464550469,17.93425990635991,0.0142055767211506,0.002118926243316767,0.006216216177189124,0.0,0.0,0.0,46.72736108049471
2460807.5,42.6163888019189,6.84774337661018,17.94047609654599,0.01420545243484444,0.002118897878477243,0.006216164201072772,0.0,0.0,0.0,46.743008743971174
2460808.5,42.63059419222363,6.849862260311607,17.94669223477424,0.01420532817981592,0.002118869526180188,0.006216112261514253,0.0,0.0,0.0,46.75865627172148
2460809.5,42.64479945828889,6.851981115665556,17.95290832108112,0.01420520395586674,0.00211884118291638,0.006216060358273376,0.0,0.0,0.0,46.77430366378806
2460810.5,42.65900460014574,6.854099942679214,17.95912435550281,0.01420507976307456,0.002118812844965562,0.006216008491068928,0.0,0.0,0.0,46.78995092021261
2460811.5,42.67320961782555,6.856218741355955,17.96534033807517,0.01420495560185393,0.002118784508407081,0.006215956659573901,0.0,0.0,0.0,46.8055980410364
2460812.5,42.68741451136025,6.85833751169513,17.97155626883374,0.0142048314730249,0.002118756169143472,0.00621590486341107,0.0,0.0,0.0,46.821245026300524
2460813.5,42.70161928078282,6.860456253691928,17.97777214781362,0.01420470737788746,0.002118727822940236,0.006215853102149369,0.0,0.0,0.0,46.83689187604625
2460814.5,42.71582392612786,6.862574967337261,17.98398797504951,0.01420458331829872,0.002118699465487256,0.006215801375301759,0.0,0.0,0.0,46.85253859031554
2460815.5,42.73002844743209,6.864693652617719,17.99020375057552,0.01420445929674814,0.002118671092484595,0.0062157496823253,0.0,0.0,0.0,46.86818516915144
2460816.5,42.74423284473509,6.866812309515653,17.99641947442525,0.01420433531642395,0.002118642699756494,0.006215698022624303,0.0,0.0,0.0,46.88383161259879
2460817.5,42.75843711808,6.868930938009349,18.00263514663165,0.01420421138126078,0.00211861428339596,0.006215646395557741,0.0,0.0,0.0,46.89947792070484
2460818.5,42.77264126751422,6.871049538073406,18.00885076722702,0.01420408749595951,0.002118585839937914,0.006215594800451503,0.0,0.0,0.0,46.91512409351991
2460819.5,42.78684529309033,6.873168109679241,18.01506633624297,0.01420396366596121,0.002118557366555164,0.006215543236616755,0.0,0.0,0.0,46.93077013109834
2460820.5,42.80104919486661,6.875286652795869,18.02128185371045,0.01420383989737031,0.002118528861268844,0.006215491703374127,0.0,0.0,0.0,46.94641603349906
2460821.5,42.81525297290774,6.877405167390819,18.0274973196597,0.01420371619681041,0.002118500323151723,0.00621544020008349,0.0,0.0,0.0,46.96206180078636
2460822.5,42.82945662728521,6.879523653431312,18.03371273412041,0.01420359257120992,0.002118471752508868,0.006215388726178335,0.0,0.0,0.0,46.97770743303043
2460823.5,42.84366015807748,6.881642110885535,18.0399280971217,0.01420346902752357,0.002118443151002107,0.006215337281201419,0.0,0.0,0.0,46.993352930307815
2460824.5,42.85786356536979,6.883760539724037,18.04614340869235,0.01420334557240199,0.002118414521697676,0.006215285864838918,0.0,0.0,0.0,47.0089982927014
2460825.5,42.87206684925381,6.885878939921122,18.05235866886087,0.01420322221183665,0.002118385869014016,0.006215234476948661,0.0,0.0,0.0,47.02464352030043
2460826.5,42.88627000982667,6.887997311456131,18.05857387765575,0.01420309895081518,0.002118357198559829,0.00621518311757846,0.0,0.0,0.0,47.04028861319981
2460827.5,42.90047304718986,6.89011565431449,18.06478903510561,0.01420297579302658,0.002118328516867306,0.006215131786971291,0.0,0.0,0.0,47.05593357149941
2460828.5,42.91467596144787,6.892233968488485,18.07100414123942,0.01420285274065303,0.002118299831041242,0.006215080485555654,0.0,0.0,0.0,47.07157839530294
2460829.5,42.92887875270652,6.894352253977622,18.07721919608665,0.01420272979427444,0.002118271148359257,0.006215029213921601,0.0,0.0,0.0,47.08722308471659
2460830.5,42.94308142107144,6.896470510788606,18.08343419967743,0.01420260695289627,0.002118242475865884,0.006214977972784966,0.0,0.0,0.0,47.1028676398477
2460831.5,42.95728396664651,6.89858873893491,18.08964915204265,0.01420248421409305,0.002118213820003696,0.006214926762943992,0.0,0.0,0.0,47.118512060803255
2460832.5,42.97148638953261,6.900706938436019,18.09586405321403,0.01420236157424453,0.002118185186316431,0.006214875585233355,0.0,0.0,0.0,47.13415634768876
2460833.5,42.98568868982649,6.90282510931643,18.1020789032241,0.01420223902883109,0.00211815657924621,0.006214824440480444,0.0,0.0,0.0,47.14980050060697
2460834.5,42.99989086762006,6.904943251604476,18.10829370210624,0.01420211657275217,0.002118128002031225,0.006214773329467743,0.0,0.0,0.0,47.16544451965712
2460835.5,43.01409292299998,6.90706136533113,18.11450844989452,0.01420199420063429,0.00211809945669697,0.006214722252903795,0.0,0.0,0.0,47.18108840493431
2460836.5,43.02829485604752,6.909179450528802,18.12072314662373,0.01420187190710383,0.002118070944124181,0.006214671211403696,0.0,0.0,0.0,47.19673215652923
2460837.5,43.04249666683866,6.911297507230262,18.12693779232919,0.01420174968700879,0.00211804246417149,0.006214620205478707,0.0,0.0,0.0,47.212375774527985
2460838.5,43.05669835544442,6.913415535467691,18.13315238704668,0.01420162753558353,0.002118014015830668,0.006214569235533785,0.0,0.0,0.0,47.228019259012264
2460839.5,43.07089992193129,6.915533535271896,18.13936693081235,0.01420150544855792,0.002117985597394504,0.006214518301871244,0.0,0.0,0.0,47.243662610059566
2460840.5,43.08510136636177,6.917651506671706,18.14558142366259,0.01420138342221739,0.002117957206622099,0.00621446740469868,0.0,0.0,0.0,47.259305827743546
2460841.5,43.0993026887949,6.919769449693491,18.15179586563396,0.01420126145342307,0.002117928840890907,0.006214416544139514,0.0,0.0,0.0,47.274948912134434
2460842.5,43.11350388928693,6.921887364360878,18.1580102567631,0.01420113953960175,0.002117900497329473,0.006214365720244701,0.0,0.0,0.0,47.29059186329953
2460843.5,43.12770496789174,6.924005250694538,18.16422459708667,0.01420101767871491,0.002117872172928241,0.006214314933004565,0.0,0.0,0.0,47.30623468130356
2460844.5,43.14190592466149,6.926123108712103,18.17043888664131,0.01420089586921478,0.002117843864628476,0.006214264182360062,0.0,0.0,0.0,47.32187736620923
2460845.5,43.15610675964693,6.928240938428149,18.17665312546355,0.01420077410999351,0.002117815569390896,0.006214213468212978,0.0,0.0,0.0,47.33751991807745
2460846.5,43.17030747289799,6.930358739854248,18.18286731358985,0.01420065240033023,0.002117787284246539,0.006214162790434908,0.0,0.0,0.0,47.353162336967955
2460847.5,43.18450806446398,6.932476512999051,18.1890814510565,0.01420053073983914,0.002117759006332742,0.006214112148874899,0.0,0.0,0.0,47.3688046229394
2460848.5,43.19870853439402,6.934594257868411,18.19529553789962,0.01420040912842069,0.00211773073291703,0.006214061543365827,0.0,0.0,0.0,47.38444677604982
2460849.5,43.21290888273722,6.93671197446552,18.20150957415519,0.01420028756621711,0.002117702461411555,0.006214010973729612,0.0,0.0,0.0,47.400088796356755
2460850.5,43.22710910954297,6.938829662791057,18.20772355985898,0.01420016605357257,0.002117674189380249,0.006213960439781396,0.0,0.0,0.0,47.41573068391761
2460851.5,43.24130921486107,6.940947322843342,18.21393749504658,0.01420004459099853,0.002117645914540754,0.006213909941332843,0.0,0.0,0.0,47.431372438789694
2460852.5,43.25550919874188,6.943064954618489,18.22015137975341,0.01419992317914357,0.002117617634762432,0.006213859478194684,0.0,0.0,0.0,47.44701406103049
2460853.5,43.2697090612365,6.945182558110558,18.22636521401467,0.01419980181876758,0.00211758934806181,0.006213809050178658,0.0,0.0,0.0,47.46265555069774
2460854.5,43.28390880239685,6.947300133311689,18.23257899786541,0.01419968051072018,0.002117561052596093,0.006213758657098921,0.0,0.0,0.0,47.478296907849625
2460855.5,43.2981084222757,6.949417680212258,18.23879273134046,0.01419955925592206,0.002117532746656238,0.006213708298773143,0.0,0.0,0.0,47.493938132544734
2460856.5,43.31230792092678,6.951535198800983,18.24500641447449,0.01419943805534971,0.002117504428658962,0.006213657975023192,0.0,0.0,0.0,47.509579224842234
2460857.5,43.32650729840481,6.953652689065068,18.25122004730197,0.01419931691002264,0.0021174760971387,0.006213607685675623,0.0,0.0,0.0,47.52522018480193
2460858.5,43.34070655476558,6.9557701509903,18.25743362985725,0.01419919582099249,0.002117447750739827,0.006213557430561979,0.0,0.0,0.0,47.54086101248431
2460859.5,43.35490569006592,6.95788758456117,18.26364716217446,0.01419907478933457,0.002117419388209159,0.006213507209518923,0.0,0.0,0.0,47.55650170795056
2460860.5,43.36910470436374,6.960004989760953,18.26986064428759,0.01419895381613973,0.002117391008388751,0.006213457022388334,0.0,0.0,0.0,47.572142271262614
2460861.5,43.38330359771805,6.962122366571826,18.27607407623049,0.01419883290250885,0.002117362610208994,0.006213406869017216,0.0,0.0,0.0,47.5877827024832
2460862.5,43.39750237018898,6.964239714974922,18.28228745803683,0.01419871204954737,0.002117334192682269,0.006213356749257633,0.0,0.0,0.0,47.603423001675864
2460863.5,43.41170102183774,6.966357034950438,18.28850078974016,0.01419859125836108,0.002117305754897302,0.006213306662966591,0.0,0.0,0.0,47.61906316890493
2460864.5,43.42589955272666,6.968474326477683,18.29471407137387,0.01419847053005213,0.002117277296013347,0.006213256610005885,0.0,0.0,0.0,47.63470320423556
2460865.5,43.44009796291917,6.970591589535171,18.30092730297124,0.01419834986571634,0.002117248815255352,0.006213206590241909,0.0,0.0,0.0,47.65034310773376
2460866.5,43.45429625247978,6.972708824100664,18.30714048456538,0.01419822926643997,0.002117220311909082,0.006213156603545511,0.0,0.0,0.0,47.665982879466384
2460867.5,43.46849442147408,6.97482603015124,18.3133536161893,0.01419810873329766,0.002117191785316659,0.006213106649791779,0.0,0.0,0.0,47.681622519501076
2460868.5,43.48269246996878,6.976943207663346,18.3195666978759,0.01419798826735006,0.002117163234872551,0.006213056728859885,0.0,0.0,0.0,47.69726202790642
2460869.5,43.49689039803153,6.979060356612847,18.32577972965792,0.01419786786964186,0.002117134660019474,0.006213006840632898,0.0,0.0,0.0,47.71290140475167
2460870.5,43.51108820573115,6.981177476975076,18.33199271156803,0.01419774754120007,0.002117106060244525,0.006212956984997574,0.0,0.0,0.0,47.72854065010708
2460871.5,43.52528589313737,6.983294568724871,18.33820564363874,0.01419762728303215,0.002117077435075612,0.006212907161844215,0.0,0.0,0.0,47.74417976404359
2460872.5,43.53948346032096,6.985411631836617,18.34441852590251,0.01419750709612444,0.00211704878407768,0.006212857371066453,0.0,0.0,0.0,47.75981874663299
2460873.5,43.55368090735368,6.987528666284283,18.35063135839164,0.0141973869814405,0.002117020106849118,0.006212807612561081,0.0,0.0,0.0,47.77545759794788
2460874.5,43.56787823430822,6.989645672041449,18.35684414113835,0.01419726693991961,0.002116991403017999,0.006212757886227846,0.0,0.0,0.0,47.7910963180616
2460875.5,43.58207544125821,6.991762649081337,18.36305687417478,0.01419714697247521,0.00211696267223827,0.006212708191969253,0.0,0.0,0.0,47.80673490704828
2460876.5,43.59627252827816,6.993879597376833,18.36926955753295,0.01419702707999344,0.002116933914185735,0.006212658529690334,0.0,0.0,0.0,47.82237336498275
2460877.5,43.61046949544347,6.995996516900514,18.3754821912448,0.01419690726333172,0.002116905128553814,0.006212608899298402,0.0,0.0,0.0,47.838011691940586
2460878.5,43.62466634283038,6.998113407624651,18.38169477534215,0.01419678752331741,0.002116876315048991,0.006212559300702768,0.0,0.0,0.0,47.85364988799804
2460879.5,43.63886307051592,7.000230269521227,18.38790730985678,0.01419666786074655,0.002116847473385928,0.006212509733814437,0.0,0.0,0.0,47.86928795323201
2460880.5,43.65305967857795,7.002347102561942,18.39411979482032,0.01419654827638285,0.002116818603282077,0.006212460198545729,0.0,0.0,0.0,47.884925887720094
2460881.5,43.667256167095,7.004463906718216,18.40033223026438,0.01419642877095674,0.002116789704451844,0.006212410694809856,0.0,0.0,0.0,47.90056369154042
2460882.5,43.6814525361464,7.006580681961172,18.40654461622042,0.01419630934516491,0.002116760776600093,0.006212361222520409,0.0,0.0,0.0,47.916201364771766
2460883.5,43.6956487858121,7.008697428261638,18.41275695271987,0.01419618999967012,0.002116731819414997,0.006212311781590769,0.0,0.0,0.0,47.93183890749339
2460884.5,43.70984491617272,7.010814145590113,18.41896923979403,0.01419607073510158,0.002116702832560085,0.0062122623719334,0.0,0.0,0.0,47.947476319785125
2460885.5,43.72404092730948,7.012930833916746,18.42518147747413,0.01419595155205501,0.002116673815665269,0.006212212993459091,0.0,0.0,0.0,47.96311360172722
2460886.5,43.73823681930419,7.015047493211294,18.43139366579131,0.01419583245109947,0.002116644768318078,0.006212163646075556,0.0,0.0,0.0,47.97875075340039
2460887.5,43.75243259223922,7.017164123443076,18.43760580477661,0.0141957134327732,0.002116615690051435,0.006212114329686864,0.0,0.0,0.0,47.99438777488577
2460888.5,43.76662824619745,7.019280724580915,18.44381789446098,0.01419559449759254,0.002116586580332603,0.006212065044191661,0.0,0.0,0.0,48.01002466626486
2460889.5,43.78082378126229,7.021397296593054,18.45002993487525,0.01419547564605925,0.002116557438551003,0.006212015789481481,0.0,0.0,0.0,48.0256614276195
2460890.5,43.79501919751762,7.023513839447095,18.45624192605016,0.01419535687866781,0.002116528264003591,0.006211966565438889,0.0,0.0,0.0,48.04129805903181
2460891.5,43.80921449504783,7.025630353109872,18.46245386801631,0.01419523819591777,0.0021164990558807,0.006211917371935165,0.0,0.0,0.0,48.05693456058427
2460892.5,43.82340967393784,7.027746837547356,18.46866576080417,0.0141951195983293,0.002116469813250633,0.006211868208827615,0.0,0.0,0.0,48.0725709323596
2460893.5,43.83760473427306,7.029863292724517,18.47487760444405,0.01419500108646288,0.002116440535045244,0.006211819075956583,0.0,0.0,0.0,48.08820717444084
2460894.5,43.85179967613954,7.031979718605183,18.4810893989661,0.01419488266094348,0.002116411220043502,0.006211769973141867,0.0,0.0,0.0,48.10384328691133
2460895.5,43.86599449962397,7.034096115151877,18.48730114440028,0.01419476432249161,0.002116381866859491,0.006211720900178895,0.0,0.0,0.0,48.11947926985473
2460896.5,43.88018920481382,7.036212482325654,18.49351284077633,0.01419464607196063,0.002116352473931024,0.006211671856834372,0.0,0.0,0.0,48.13511512335515
2460897.5,43.89438379179754,7.038328820085914,18.49972448812374,0.01419452791038095,0.002116323039513913,0.006211622842841742,0.0,0.0,0.0,48.15075084749723
2460898.5,43.90857826066467,7.040445128390214,18.5059360864717,0.0141944098390135,0.002116293561681571,0.006211573857896261,0.0,0.0,0.0,48.166386442366246
2460899.5,43.92277261150615,7.042561407194106,18.51214763584909,0.01419429185940962,0.00211626403833543,0.006211524901650356,0.0,0.0,0.0,48.18202190804831
2460900.5,43.9369668444147,7.044677656450965,18.51835913628443,0.01419417397347983,0.00211623446722751,0.006211475973709151,0.0,0.0,0.0,48.197657244630726
2460901.5,43.95116095948512,7.046793876111854,18.5245705878058,0.0141940561835669,0.00211620484599953,0.006211427073626982,0.0,0.0,0.0,48.21329245220219
2460902.5,43.96535495681479,7.048910066125456,18.53078199044081,0.01419393849252348,0.002116175172243984,0.006211378200905272,0.0,0.0,0.0,48.22892753085319
2460903.5,43.97954883650426,7.051026226438042,18.53699334421655,0.01419382090378564,0.002116145443589035,0.006211329354992726,0.0,0.0,0.0,48.244562480676606
2460904.5,43.99374259865782,7.053142356993588,18.54320464915953,0.01419370342143891,0.002116115657812522,0.006211280535288606,0.0,0.0,0.0,48.26019730176813
2460905.5,44.00793624338419,7.055258457733979,18.54941590529565,0.01419358605026462,0.002116085812986088,0.006211231741150281,0.0,0.0,0.0,48.275831994226984
2460906.5,44.02212977079723,7.057374528599383,18.55562711265014,0.01419346879575682,0.00211605590764785,0.006211182971905788,0.0,0.0,0.0,48.29146655815654
2460907.5,44.03632318101665,7.059490569528828,18.56183827124753,0.01419335166409625,0.002116025940997217,0.006211134226872171,0.0,0.0,0.0,48.30710099366511
2460908.5,44.05051647416862,7.061606580460953,18.56804938111172,0.01419323466207132,0.002115995913105556,0.006211085505379957,0.0,0.0,0.0,48.32273530086654
2460909.5,44.06470965038641,7.063722561334993,18.57426044226593,0.01419311779692797,0.002115965825115701,0.006211036806803249,0.0,0.0,0.0,48.338369479881045
2460910.5,44.07890270981061,7.065838512091934,18.58047145473278,0.0141930010761562,0.002115935679420156,0.006210988130593901,0.0,0.0,0.0,48.354003530835485
2460911.5,44.09309565258934,7.067954432675835,18.58668241853442,0.01419288450720846,0.002115905479783965,0.006210939476317404,0.0,0.0,0.0,48.36963745386388
2460912.5,44.107288478878,7.070070323035231,18.59289333369263,0.01419276809716738,0.002115875231386497,0.006210890843686808,0.0,0.0,0.0,48.3852712491074
2460913.5,44.12148118883877,7.072186183124519,18.59910420022897,0.01419265185239017,0.002115844940764938,0.006210842232590744,0.0,0.0,0.0,48.40090491671417
2460914.5,44.13567378263965,7.074302012905252,18.60531501816501,0.01419253577816481,0.002115814615647534,0.006210793643111365,0.0,0.0,0.0,48.41653845683866
2460915.5,44.14986626045329,7.076417812347192,18.61152578752249,0.01419241987841716,0.00211578426468224,0.006210745075529068,0.0,0.0,0.0,48.43217186964085
2460916.5,44.16405862245545,7.07853358142907,18.61773650832352,0.01419230415550574,0.002115753897082387,0.006210696530312385,0.0,0.0,0.0,48.44780515528503
2460917.5,44.17825086882348,7.080649320138941,18.62394718059078,0.01419218861013001,0.002115723522224511,0.006210648008093585,0.0,0.0,0.0,48.4634383139385
2460918.5,44.1924429997346,7.08276502847415,18.63015780434763,0.01419207324136179,0.002115693149241536,0.006210599509632566,0.0,0.0,0.0,48.47907134577005
2460919.5,44.2066350153643,7.0848807064409,18.63636837961824,0.01419195804679208,0.002115662786654177,0.006210551035773322,0.0,0.0,0.0,48.49470425094854
2460920.5,44.22082691588505,7.086996354053475,18.64257890642767,0.01419184302276952,0.002115632442075294,0.00621050258739794,0.0,0.0,0.0,48.510337029641555
2460921.5,44.23501870146515,7.089111971333233,18.64878938480183,0.01419172816469711,0.002115602122008648,0.006210454165382996,0.0,0.0,0.0,48.525969682014285
2460922.5,44.24921037226801,7.09122755830744,18.6549998147675,0.01419161346735079,0.002115571831748235,0.006210405770562152,0.0,0.0,0.0,48.54160220822862
2460923.5,44.26340192845159,7.093343115008039,18.66121019635228,0.01419149892518687,0.002115541575370672,0.006210357403697377,0.0,0.0,0.0,48.5572346084425
2460924.5,44.27759337016824,7.095458641470465,18.66742052958444,0.01419138453261347,0.002115511355803636,0.0062103090654597,0.0,0.0,0.0,48.572866882809535
2460925.5,44.29178469756486,7.097574137732558,18.67363081449292,0.01419127028421071,0.002115481174948411,0.006210260756419078,0.0,0.0,0.0,48.58849903147894
2460926.5,44.30597591078302,7.099689603833618,18.67984105110717,0.01419115617489393,0.002115451033834241,0.006210212477042095,0.0,0.0,0.0,48.60413105459553
2460927.5,44.32016700995946,7.101805039813589,18.68605123945702,0.01419104220002141,0.00211542093278485,0.006210164227695738,0.0,0.0,0.0,48.6197629522999
2460928.5,44.33435799522649,7.103920445712473,18.69226137957266,0.01419092835545333,0.002115390871581944,0.00621011600865541,0.0,0.0,0.0,48.6353947247288
2460929.5,44.34854886671259,7.106035821569834,18.6984714714845,0.01419081463757119,0.002115360849615226,0.006210067820115468,0.0,0.0,0.0,48.6510263720155
2460930.5,44.36273962454283,7.108151167424493,18.7046815152231,0.01419070104326726,0.002115330866012969,0.006210019662200913,0.0,0.0,0.0,48.66665789429011
2460931.5,44.37693026883944,7.110266483314308,18.71089151081913,0.01419058756991364,0.002115300919750669,0.006209971534979171,0.0,0.0,0.0,48.68228929168003
2460932.5,44.39112079972224,7.112381769276077,18.7171014583033,0.0141904742153184,0.002115271009737803,0.006209923438471268,0.0,0.0,0.0,48.697920564310365
2460933.5,44.40531121730905,7.114497025345503,18.72331135770631,0.01419036097767516,0.00211524113488441,0.006209875372661964,0.0,0.0,0.0,48.713551712304216
2460934.5,44.41950152171609,7.116612251557218,18.72952120905884,0.01419024785551069,0.002115211294149999,0.006209827337508602,0.0,0.0,0.0,48.729182735783056
2460935.5,44.43369171305817,7.118727447944855,18.73573101239153,0.01419013484763368,0.002115181486577646,0.00620977933294868,0.0,0.0,0.0,48.744813634866915
2460936.5,44.44788179144912,7.120842614541143,18.74194076773491,0.01419002195308666,0.002115151711316139,0.006209731358906122,0.0,0.0,0.0,48.76044440967477
2460937.5,44.46207175700186,7.122957751378011,18.74815047511948,0.01418990917110232,0.002115121967632702,0.006209683415296395,0.0,0.0,0.0,48.776075060324615
2460938.5,44.47626160982863,7.125072858486727,18.75436013457562,0.01418979650106469,0.002115092254918612,0.006209635502030598,0.0,0.0,0.0,48.79170558693373
2460939.5,44.49045135004113,7.127187935898007,18.76056974613363,0.01418968394247521,0.002115062572689497,0.006209587619018658,0.0,0.0,0.0,48.80733598961872
2460940.5,44.5046409777506,7.129302983642145,18.76677930982371,0.01418957149492361,0.002115032920581937,0.006209539766171803,0.0,0.0,0.0,48.82296626849575
2460941.5,44.51883049306788,7.131418001749129,18.772988825676,0.01418945915806315,0.002115003298347434,0.006209491943404393,0.0,0.0,0.0,48.83859642368051
2460942.5,44.53301989610353,7.133532990248751,18.77919829372052,0.01418934693158979,0.002114973705844712,0.006209444150635285,0.0,0.0,0.0,48.85422645528835
2460943.5,44.54720918696777,7.135647949170713,18.78540771398724,0.01418923481522481,0.00211494414303117,0.006209396387788787,0.0,0.0,0.0,48.86985636343431
2460944.5,44.56139836577059,7.137762878544723,18.79161708650604,0.01418912280870051,0.002114914609953738,0.006209348654795298,0.0,0.0,0.0,48.885486148233184
2460945.5,44.57558743262169,7.139877778400575,18.79782641130677,0.01418901091174838,0.002114885106739634,0.006209300951591704,0.0,0.0,0.0,48.901115809799485
2460946.5,44.58977638763051,7.141992648768223,18.80403568841914,0.01418889912408964,0.002114855633587324,0.006209253278121575,0.0,0.0,0.0,48.91674534824748
2460947.5,44.6039652309062,7.144107489677857,18.8102449178729,0.01418878744542728,0.002114826190757778,0.006209205634335256,0.0,0.0,0.0,48.9323747636912
2460948.5,44.61815396255759,7.146222301159952,18.81645409969769,0.01418867587543994,0.002114796778566077,0.006209158020189809,0.0,0.0,0.0,48.948004056244415
2460949.5,44.63234258269319,7.148337083245324,18.82266323392315,0.01418856441377693,0.00211476739737347,0.006209110435648885,0.0,0.0,0.0,48.96363322602062
2460950.5,44.64653109142112,7.150451835965165,18.82887232057885,0.01418845306005433,0.00211473804758002,0.006209062880682559,0.0,0.0,0.0,48.97926227313301
2460951.5,44.66071948884913,7.152566559351093,18.83508135969436,0.01418834181385177,0.002114708729617556,0.006209015355267108,0.0,0.0,0.0,48.9948911976945
2460952.5,44.67490777508451,7.154681253435161,18.84129035129923,0.01418823067471015,0.002114679443943216,0.006208967859384773,0.0,0.0,0.0,49.01051999981763
2460953.5,44.68909595023408,7.1567959182499,18.84749929542297,0.01418811964212976,0.002114650191033329,0.00620892039302348,0.0,0.0,0.0,49.0261486796146
2460954.5,44.70328401440412,7.158910553828313,18.85370819209511,0.01418800871556886,0.002114620971377745,0.006208872956176591,0.0,0.0,0.0,49.04177723719714
2460955.5,44.71747196770037,7.161025160203907,18.85991704134517,0.01418789789444267,0.002114591785474411,0.006208825548842613,0.0,0.0,0.0,49.057405672676616
2460956.5,44.73165981022794,7.163139737410681,18.86612584320264,0.01418778717812253,0.002114562633824345,0.006208778171024919,0.0,0.0,0.0,49.07303398616384
2460957.5,44.74584754209133,7.165254285483138,18.87233459769705,0.01418767656593545,0.002114533516926789,0.006208730822731473,0.0,0.0,0.0,49.0886621777692
2460958.5,44.76003516339429,7.167368804456283,18.87854330485795,0.01418756605716362,0.00211450443527459,0.006208683503974546,0.0,0.0,0.0,49.104290247602435
2460959.5,44.77422267423987,7.169483294365597,18.88475196471486,0.01418745565104421,0.002114475389349704,0.006208636214770434,0.0,0.0,0.0,49.11991819577273
2460960.5,44.78841007473032,7.171597755247046,18.89096057729735,0.01418734534676919,0.002114446379618828,0.006208588955139179,0.0,0.0,0.0,49.13554602238863
2460961.5,44.80259736496706,7.173712187137049,18.897169142635,0.01418723514348528,0.002114417406529058,0.006208541725104273,0.0,0.0,0.0,49.15117372755801
2460962.5,44.81678454505066,7.175826590072458,18.90337766075743,0.01418712504029392,0.002114388470503527,0.006208494524692364,0.0,0.0,0.0,49.166801311388014
2460963.5,44.8309716150807,7.177940964090543,18.90958613169427,0.01418701503625135,0.002114359571936996,0.006208447353932944,0.0,0.0,0.0,49.18242877398497
2460964.5,44.84515857515589,7.180055309228941,18.91579455547519,0.01418690513036872,0.002114330711191304,0.006208400212858024,0.0,0.0,0.0,49.1980561154545
2460965.5,44.85934542537382,7.182169625525639,18.92200293212989,0.01418679532161226,0.002114301888590629,0.006208353101501776,0.0,0.0,0.0,49.21368333590122
2460966.5,44.87353216583112,7.18428391301893,18.92821126168811,0.01418668560890364,0.002114273104416505,0.006208306019900152,0.0,0.0,0.0,49.229310435429014
2460967.5,44.88771879662327,7.186398171747359,18.93441954417962,0.01418657599112029,0.002114244358902497,0.006208258968090467,0.0,0.0,0.0,49.24493741414066
2460968.5,44.90190531784462,7.188512401749682,18.94062777963423,0.01418646646709594,0.002114215652228534,0.006208211946110931,0.0,0.0,0.0,49.260564272138055
2460969.5,44.91609172958831,7.190626603064804,18.9468359680818,0.01418635703562194,0.002114186984514594,0.006208164954000055,0.0,0.0,0.0,49.27619100952196
2460970.5,44.93027803194629,7.192740775731717,18.9530441095522,0.01418624769544758,0.002114158355814153,0.006208117991796138,0.0,0.0,0.0,49.29181762639212
2460971.5,44.94446422500921,7.194854919789431,18.95925220407537,0.01418613844528221,0.002114129766106696,0.006208071059536496,0.0,0.0,0.0,49.307444122847095
2460972.5,44.95865030886642,7.196969035276895,18.96546025168126,0.01418602928379712,0.002114101215289649,0.006208024157256677,0.0,0.0,0.0,49.32307049898425
2460973.5,44.97283628360591,7.199083122232912,18.97166825239989,0.01418592020962867,0.002114072703169486,0.006207977284989473,0.0,0.0,0.0,49.33869675489977
2460974.5,44.98702214931433,7.201197180696038,18.97787620626126,0.01418581122138177,0.002114044229451924,0.006207930442763842,0.0,0.0,0.0,49.35432289068851
2460975.5,45.00120790607685,7.203311210704482,18.98408411329544,0.01418570231763489,0.002114015793731125,0.006207883630603605,0.0,0.0,0.0,49.369948906443994
2460976.5,45.01539355397728,7.205425212295991,18.9902919735325,0.01418559349694611,0.002113987395477692,0.006207836848525933,0.0,0.0,0.0,49.38557480225843
2460977.5,45.02957909309794,7.207539185507708,18.99649978700252,0.01418548475786373,0.002113959034027935,0.006207790096539534,0.0,0.0,0.0,49.40120057822258
2460978.5,45.04376452351972,7.209653130376042,19.0027075537356,0.01418537609893358,0.002113930708567092,0.006207743374642626,0.0,0.0,0.0,49.416826234425805
2460979.5,45.05794984532204,7.211767046936514,19.00891527376183,0.01418526751871462,0.002113902418116648,0.006207696682820507,0.0,0.0,0.0,49.43245177095601
2460980.5,45.07213505858291,7.213880935223565,19.01512294711126,0.01418515901579641,0.0021138741615202,0.006207650021042821,0.0,0.0,0.0,49.44807718789961
2460981.5,45.08632016337896,7.215994795270389,19.02133057381391,0.01418505058881994,0.002113845937427368,0.006207603389260339,0.0,0.0,0.0,49.46370248534161
2460982.5,45.10050515978544,7.218108627108736,19.02753815389976,0.01418494223650421,0.002113817744279899,0.00620755678740142,0.0,0.0,0.0,49.479327663365495
2460983.5,45.11469004787646,7.220222430768674,19.03374568739866,0.01418483395767878,0.002113789580298508,0.006207510215367962,0.0,0.0,0.0,49.49495272205344
2460984.5,45.12887482772495,7.222336206278388,19.03995317434039,0.01418472575132284,0.00211376144347297,0.006207463673031015,0.0,0.0,0.0,49.510577661486245
